Workbook

Sheet 手打ち入力
B1: 横浜市栄区上郷町 | D1: 横浜市栄区上郷町 | F1: 横浜市栄区上郷町 | H1: 横浜市栄区上郷町 | J1: 横浜市栄区上郷町 | L1: 横浜市栄区上郷町 | N1: 横浜市栄区上郷町
B2: [JPN:Kanagawa-pref.] | D2: [JPN:Kanagawa-pref.] | F2: [JPN:Kanagawa-pref.] | H2: [JPN:Kanagawa-pref.] | J2: [JPN:Kanagawa-pref.] | L2: [JPN:Kanagawa-pref.] | N2: [JPN:Kanagawa-pref.]
B3: Segami_shiminnomori, honshu, Is., | D3: Segami_shiminnomori, honshu, Is., | F3: Segami_shiminnomori, honshu, Is., | H3: Segami_shiminnomori, honshu, Is., | J3: Segami_shiminnomori, honshu, Is., | L3: Segami_shiminnomori, honshu, Is., | N3: Segami_shiminnomori, honshu, Is.,
B4: kamigo-cho, (alt.64m) | D4: kamigo-cho, (alt.64m) | F4: kamigo-cho, (alt.64m) | H4: kamigo-cho, (alt.64m) | J4: kamigo-cho, (alt.64m) | L4: kamigo-cho, (alt.64m) | N4: kamigo-cho, (alt.64m)
B5: 7.ⅲ.2025 LK | D5: 7.ⅲ.2025 LK | F5: 7.ⅲ.2025 LK | H5: 7.ⅲ.2025 LK | J5: 7.ⅲ.2025 LK | L5: 7.ⅲ.2025 LK | N5: 7.ⅲ.2025 LK
B6: Rena Kaneko leg. | D6: Rena Kaneko leg. | F6: Rena Kaneko leg. | H6: Rena Kaneko leg. | J6: Rena Kaneko leg. | L6: Rena Kaneko leg. | N6: Rena Kaneko leg.
B7: N35.36329, E139.58276 | D7: N35.36329, E139.58276 | F7: N35.36329, E139.58276 | H7: N35.36329, E139.58276 | J7: N35.36329, E139.58276 | L7: N35.36329, E139.58276 | N7: N35.36329, E139.58276
B9: 八王子市高尾町 | D9: 八王子市高尾町 | F9: 八王子市高尾町 | H9: 八王子市高尾町 | J9: 八王子市高尾町 | L9: 八王子市高尾町 | N9: 八王子市高尾町
B10: [JPN:Tokyo-pref.] | D10: [JPN:Tokyo-pref.] | F10: [JPN:Tokyo-pref.] | H10: [JPN:Tokyo-pref.] | J10: [JPN:Tokyo-pref.] | L10: [JPN:Tokyo-pref.] | N10: [JPN:Tokyo-pref.]
B11: Takao, honshu, Is., | D11: Takao, honshu, Is., | F11: Takao, honshu, Is., | H11: Takao, honshu, Is., | J11: Takao, honshu, Is., | L11: Takao, honshu, Is., | N11: Takao, honshu, Is.,
B12: Takao-cho, (alt.424m) | D12: Takao-cho, (alt.424m) | F12: Takao-cho, (alt.424m) | H12: Takao-cho, (alt.424m) | J12: Takao-cho, (alt.424m) | L12: Takao-cho, (alt.424m) | N12: Takao-cho, (alt.424m)
B13: 25.ⅳ.2025 LK | D13: 25.ⅳ.2025 LK | F13: 25.ⅳ.2025 LK | H13: 25.ⅳ.2025 LK | J13: 25.ⅳ.2025 LK | L13: 25.ⅳ.2025 LK | N13: 25.ⅳ.2025 LK
... B199: N23.47808, E120.71771 | D199: N23.47808, E120.71771 | F199: N23.47808, E120.71771 | H199: N23.47808, E120.71771 | J199: N23.47808, E120.71771 | L199: N23.47808, E120.71771 | N199: N23.47808, E120.71771

Sheet 自動入力ラベル
B1: =入力用シート!$C$2 -> 東京都八王子市 | D1: 山梨県北杜市 | F1: 山梨県北杜市 | H1: 山梨県北杜市 | J1: 山梨県北杜市 | L1: 山梨県北杜市 | N1: 山梨県北杜市
B2: ="[" & 入力用シート!$D$2 & ":" & 入力用シート!$E$2 & "-pref.]" -> [JP:Tokyo-pref.] | D2: [JPN:Yamanashi-pref.] | F2: [JPN:Yamanashi-pref.] | H2: [JPN:Yamanashi-pref.] | J2: [JPN:Yamanashi-pref.] | L2: [JPN:Yamanashi-pref.] | N2: [JPN:Yamanashi-pref.]
B3: =入力用シート!F2 & ", " & 入力用シート!G2 & IF(入力用シート!H2<>"", ", " & 入力用シート!H2 & ".,", "") -> , Honshu, Is., | D3: Hokuto, Honshu , Is., | F3: Hokuto, Honshu , Is., | H3: Hokuto, Honshu , Is., | J3: Hokuto, Honshu , Is., | L3: Hokuto, Honshu , Is., | N3: Hokuto, Honshu , Is.,
B4: =入力用シート!$I$2 & "-" & 入力用シート!$J$2 & IF(入力用シート!$K$2<>"", ", (alt." & 入力用シート!$K$2 & "m)", "") -> Hachioji-shi | D4: Hokuto-shi, (alt.1545m) | F4: Hokuto-shi, (alt.1545m) | H4: Hokuto-shi, (alt.1545m) | J4: Hokuto-shi, (alt.1545m) | L4: Hokuto-shi, (alt.1545m) | N4: Hokuto-shi, (alt.1545m)
B5: =入力用シート!$N$2&"."&入力用シート!$M$2&"."&入力用シート!$L$2&" "&入力用シート!$O$2&", "&入力用シート!$P$2 -> 15.Ⅺ.2025 Looking, | D5: 22.viii.2025 light trap, Masaki Yamaguchi | F5: 22.viii.2025 light trap, Masaki Yamaguchi | H5: 22.viii.2025 light trap, Masaki Yamaguchi | J5: 22.viii.2025 light trap, Masaki Yamaguchi | L5: 22.viii.2025 light trap, Masaki Yamaguchi | N5: 22.viii.2025 light trap, Masaki Yamaguchi
B6: ="N" & TEXT(入力用シート!$R$2, "0.00000") & ", E" & TEXT(入力用シート!$S$2, "0.00000") -> N35.62969828324389, 139.24611963341107, E0.00000 | D6: N35.81724, E138.55184 | F6: N35.81724, E138.55184 | H6: N35.81724, E138.55184 | J6: N35.81724, E138.55184 | L6: N35.81724, E138.55184 | N6: N35.81724, E138.55184
B9: =入力用シート!$C$3 -> 神奈川県横須賀市 | D9: 山梨県北杜市 | F9: 山梨県北杜市 | H9: 山梨県北杜市 | J9: 山梨県北杜市 | L9: 山梨県北杜市 | N9: 山梨県北杜市
B10: ="[" & 入力用シート!$D$3 & ":" & 入力用シート!$E$3 & "-pref.]" -> [JP:Kanagawa -pref.] | D10: [JPN:Yamanashi-pref.] | F10: [JPN:Yamanashi-pref.] | H10: [JPN:Yamanashi-pref.] | J10: [JPN:Yamanashi-pref.] | L10: [JPN:Yamanashi-pref.] | N10: [JPN:Yamanashi-pref.]
B11: =入力用シート!F3 & ", " & 入力用シート!G3 & IF(入力用シート!H3<>"", ", " & 入力用シート!H3 & ".,", "") -> Kannonnzaki, Honshu, Is., | D11: Hokuto, Honshu , Is., | F11: Hokuto, Honshu , Is., | H11: Hokuto, Honshu , Is., | J11: Hokuto, Honshu , Is., | L11: Hokuto, Honshu , Is., | N11: Hokuto, Honshu , Is.,
B12: =入力用シート!$I$3 & "-" & 入力用シート!$J$3 & IF(入力用シート!$K$3<>"", ", (alt." & 入力用シート!$K$3 & "m)", "") -> Yokosuka-shi | D12: Hokuto-shi, (alt.1545m) | F12: Hokuto-shi, (alt.1545m) | H12: Hokuto-shi, (alt.1545m) | J12: Hokuto-shi, (alt.1545m) | L12: Hokuto-shi, (alt.1545m) | N12: Hokuto-shi, (alt.1545m)
B13: =入力用シート!$N$3&"."&入力用シート!$M$3&"."&入力用シート!$L$3&" "&入力用シート!$O$3&", "&入力用シート!$P$3 -> 9.vi.2025 Looking, M.yamaguchi | D13: 22.viii.2025 light trap, Masaki Yamaguchi | F13: 22.viii.2025 light trap, Masaki Yamaguchi | H13: 22.viii.2025 light trap, Masaki Yamaguchi | J13: 22.viii.2025 light trap, Masaki Yamaguchi | L13: 22.viii.2025 light trap, Masaki Yamaguchi | N13: 22.viii.2025 light trap, Masaki Yamaguchi
B14: ="N" & TEXT(入力用シート!$R$3, "0.00000") & ", E" & TEXT(入力用シート!$S$3, "0.00000") -> N35.25692418844977, 139.74039243964077, E0.00000 | D14: N35.81724, E138.55184 | F14: N35.81724, E138.55184 | H14: N35.81724, E138.55184 | J14: N35.81724, E138.55184 | L14: N35.81724, E138.55184 | N14: N35.81724, E138.55184
B17: =入力用シート!$C$4 -> 0 | D17: 山梨県北杜市 | F17: 山梨県北杜市 | H17: 山梨県北杜市 | J17: 山梨県北杜市 | L17: 山梨県北杜市 | N17: 山梨県北杜市
B18: ="[" & 入力用シート!$D$4 & ":" & 入力用シート!$E$4 & "-pref.]" -> [JP:-pref.] | D18: [JPN:Yamanashi-pref.] | F18: [JPN:Yamanashi-pref.] | H18: [JPN:Yamanashi-pref.] | J18: [JPN:Yamanashi-pref.] | L18: [JPN:Yamanashi-pref.] | N18: [JPN:Yamanashi-pref.]
B19: =入力用シート!F4 & ", " & 入力用シート!G4 & IF(入力用シート!H4<>"", ", " & 入力用シート!H4 & ".,", "") -> , | D19: Hokuto, Honshu , Is., | F19: Hokuto, Honshu , Is., | H19: Hokuto, Honshu , Is., | J19: Hokuto, Honshu , Is., | L19: Hokuto, Honshu , Is., | N19: Hokuto, Honshu , Is.,
B20: =入力用シート!$I$4 & "-" & 入力用シート!$J$4 & IF(入力用シート!$K$4<>"", ", (alt." & 入力用シート!$K$4 & "m)", "") -> - | D20: Hokuto-shi, (alt.1545m) | F20: Hokuto-shi, (alt.1545m) | H20: Hokuto-shi, (alt.1545m) | J20: Hokuto-shi, (alt.1545m) | L20: Hokuto-shi, (alt.1545m) | N20: Hokuto-shi, (alt.1545m)
B21: =入力用シート!$N$4&"."&入力用シート!$M$4&"."&入力用シート!$L$4&" "&入力用シート!$O$4&", "&入力用シート!$P$4 -> 15.x.2025 Looking, M.yamaguchi | D21: 22.viii.2025 light trap, Hayate Endo | F21: 22.viii.2025 light trap, Hayate Endo | H21: 22.viii.2025 light trap, Hayate Endo | J21: 22.viii.2025 light trap, Hayate Endo | L21: 22.viii.2025 light trap, Hayate Endo | N21: 22.viii.2025 light trap, Hayate Endo
B22: ="N" & TEXT(入力用シート!$R$4, "0.00000") & ", E" & TEXT(入力用シート!$S$4, "0.00000") -> N24.477538153354185, 124.23073065065063, E0.00000 | D22: N35.81724, E138.55184 | F22: N35.81724, E138.55184 | H22: N35.81724, E138.55184 | J22: N35.81724, E138.55184 | L22: N35.81724, E138.55184 | N22: N35.81724, E138.55184
B25: =入力用シート!$C$5 -> 0 | D25: 長野県上田市菅平高原 | F25: 長野県上田市菅平高原 | H25: 長野県上田市菅平高原 | J25: 長野県上田市菅平高原 | L25: 長野県上田市菅平高原 | N25: 長野県上田市菅平高原
B26: ="[" & 入力用シート!$D$5 & ":" & 入力用シート!$E$5 & "-pref.]" -> [JP:-pref.] | D26: [JPN:Nagano-pref.] | F26: [JPN:Nagano-pref.] | H26: [JPN:Nagano-pref.] | J26: [JPN:Nagano-pref.] | L26: [JPN:Nagano-pref.] | N26: [JPN:Nagano-pref.]
B27: =入力用シート!F5 & ", " & 入力用シート!G5 & IF(入力用シート!H5<>"", ", " & 入力用シート!H5 & ".,", "") -> , | D27: Sugadairakōgen, Honshu , Is., | F27: Sugadairakōgen, Honshu , Is., | H27: Sugadairakōgen, Honshu , Is., | J27: Sugadairakōgen, Honshu , Is., | L27: Sugadairakōgen, Honshu , Is., | N27: Sugadairakōgen, Honshu , Is.,
B28: =入力用シート!$I$5 & "-" & 入力用シート!$J$5 & IF(入力用シート!$K$5<>"", ", (alt." & 入力用シート!$K$5 & "m)", "") -> - | D28: Ueda-shi, (alt.1319m) | F28: Ueda-shi, (alt.1319m) | H28: Ueda-shi, (alt.1319m) | J28: Ueda-shi, (alt.1319m) | L28: Ueda-shi, (alt.1319m) | N28: Ueda-shi, (alt.1319m)
B29: =入力用シート!$N$5&"."&入力用シート!$M$5&"."&入力用シート!$L$5&" "&入力用シート!$O$5&", "&入力用シート!$P$5 -> 7.v.2025 Looking, M.yamaguchi | D29: 9.v.2025 looking, Masaki Yamaguchi | F29: 9.v.2025 looking, Masaki Yamaguchi | H29: 9.v.2025 looking, Masaki Yamaguchi | J29: 9.v.2025 looking, Masaki Yamaguchi | L29: 9.v.2025 looking, Masaki Yamaguchi | N29: 9.v.2025 looking, Masaki Yamaguchi
B30: ="N" & TEXT(入力用シート!$R$5, "0.00000") & ", E" & TEXT(入力用シート!$S$5, "0.00000") -> N36.42921814979149, 138.41797667237086, E0.00000 | D30: N36.52452, E138.34706 | F30: N36.52452, E138.34706 | H30: N36.52452, E138.34706 | J30: N36.52452, E138.34706 | L30: N36.52452, E138.34706 | N30: N36.52452, E138.34706
B33: =入力用シート!$C$6 -> 0 | D33: 長野県東御市新張 | F33: 長野県東御市新張 | H33: 長野県東御市新張 | J33: 長野県東御市新張 | L33: 長野県東御市新張 | N33: 長野県東御市新張
B34: ="[" & 入力用シート!$D$6 & ":" & 入力用シート!$E$6 & "-pref.]" -> [JP:-pref.] | D34: [JPN:Nagano-pref.] | F34: [JPN:Nagano-pref.] | H34: [JPN:Nagano-pref.] | J34: [JPN:Nagano-pref.] | L34: [JPN:Nagano-pref.] | N34: [JPN:Nagano-pref.]
B35: =入力用シート!F6 & ", " & 入力用シート!G6 & IF(入力用シート!H6<>"", ", " & 入力用シート!H6 & ".,", "") -> , | D35: Mihari, Honshu , Is., | F35: Mihari, Honshu , Is., | H35: Mihari, Honshu , Is., | J35: Mihari, Honshu , Is., | L35: Mihari, Honshu , Is., | N35: Mihari, Honshu , Is.,
B36: =入力用シート!$I$6 & "-" & 入力用シート!$J$6 & IF(入力用シート!$K$6<>"", ", (alt." & 入力用シート!$K$6 & "m)", "") -> - | D36: Tomi-shi, (alt.1730m) | F36: Tomi-shi, (alt.1730m) | H36: Tomi-shi, (alt.1730m) | J36: Tomi-shi, (alt.1730m) | L36: Tomi-shi, (alt.1730m) | N36: Tomi-shi, (alt.1730m)
B37: =入力用シート!$N$6&"."&入力用シート!$M$6&"."&入力用シート!$L$6&" "&入力用シート!$O$6&", "&入力用シート!$P$6 -> 10.v.2023 Looking, M.yamaguchi | D37: 7.v.2025 looking, Masaki Yamaguchi | F37: 7.v.2025 looking, Masaki Yamaguchi | H37: 7.v.2025 looking, Masaki Yamaguchi | J37: 7.v.2025 looking, Masaki Yamaguchi | L37: 7.v.2025 looking, Masaki Yamaguchi | N37: 7.v.2025 looking, Masaki Yamaguchi
B38: ="N" & TEXT(入力用シート!$R$6, "0.00000") & ", E" & TEXT(入力用シート!$S$6, "0.00000") -> N36.42921814979149, 138.41797667237086, E0.00000 | D38: N36.42763, E138.41967 | F38: N36.42763, E138.41967 | H38: N36.42763, E138.41967 | J38: N36.42763, E138.41967 | L38: N36.42763, E138.41967 | N38: N36.42763, E138.41967
B41: =入力用シート!$C$7 -> 0 | D41: 東京都八王子市高尾町 | F41: 東京都八王子市高尾町 | H41: 東京都八王子市高尾町 | J41: 東京都八王子市高尾町 | L41: 東京都八王子市高尾町 | N41: 東京都八王子市高尾町
B42: ="[" & 入力用シート!$D$7 & ":" & 入力用シート!$E$7 & "-pref.]" -> [JP:-pref.] | D42: [JPN:Tokyo-pref.] | F42: [JPN:Tokyo-pref.] | H42: [JPN:Tokyo-pref.] | J42: [JPN:Tokyo-pref.] | L42: [JPN:Tokyo-pref.] | N42: [JPN:Tokyo-pref.]
B43: =入力用シート!F7 & ", " & 入力用シート!G7 & IF(入力用シート!H7<>"", ", " & 入力用シート!H7 & ".,", "") -> , | D43: Takaomachi, Honshu , Is., | F43: Takaomachi, Honshu , Is., | H43: Takaomachi, Honshu , Is., | J43: Takaomachi, Honshu , Is., | L43: Takaomachi, Honshu , Is., | N43: Takaomachi, Honshu , Is.,
B44: =入力用シート!$I$7 & "-" & 入力用シート!$J$7 & IF(入力用シート!$K$7<>"", ", (alt." & 入力用シート!$K$7 & "m)", "") -> - | D44: Hachioji-shi, (alt.457m) | F44: Hachioji-shi, (alt.457m) | H44: Hachioji-shi, (alt.457m) | J44: Hachioji-shi, (alt.457m) | L44: Hachioji-shi, (alt.457m) | N44: Hachioji-shi, (alt.457m)
B45: =入力用シート!$N$7&"."&入力用シート!$M$7&"."&入力用シート!$L$7&" "&入力用シート!$O$7&", "&入力用シート!$P$7 -> 10.v.2023 Looking, M.yamaguchi | D45: 27.iv.2025 looking, Masaki Yamaguchi | F45: 27.iv.2025 looking, Masaki Yamaguchi | H45: 27.iv.2025 looking, Masaki Yamaguchi | J45: 27.iv.2025 looking, Masaki Yamaguchi | L45: 27.iv.2025 looking, Masaki Yamaguchi | N45: 27.iv.2025 looking, Masaki Yamaguchi
B46: ="N" & TEXT(入力用シート!$R$7, "0.00000") & ", E" & TEXT(入力用シート!$S$7, "0.00000") -> N36.30075052275591, 138.76238073680415, E0.00000 | D46: N35.62984, E139.25134 | F46: N35.62984, E139.25134 | H46: N35.62984, E139.25134 | J46: N35.62984, E139.25134 | L46: N35.62984, E139.25134 | N46: N35.62984, E139.25134
B49: =入力用シート!$C$8 -> 0 | D49: 山梨県上野原市西原 | F49: 山梨県上野原市西原 | H49: 山梨県上野原市西原 | J49: 山梨県上野原市西原 | L49: 山梨県上野原市西原 | N49: 山梨県上野原市西原
B50: ="[" & 入力用シート!$D$8 & ":" & 入力用シート!$E$8 & "-pref.]" -> [JP:-pref.] | D50: [JPN:Yamanashi-pref.] | F50: [JPN:Yamanashi-pref.] | H50: [JPN:Yamanashi-pref.] | J50: [JPN:Yamanashi-pref.] | L50: [JPN:Yamanashi-pref.] | N50: [JPN:Yamanashi-pref.]
B51: =入力用シート!F8 & ", " & 入力用シート!G8 & IF(入力用シート!H8<>"", ", " & 入力用シート!H8 & ".,", "") -> , | D51: Saihara, Honshu , Is., | F51: Saihara, Honshu , Is., | H51: Saihara, Honshu , Is., | J51: Saihara, Honshu , Is., | L51: Saihara, Honshu , Is., | N51: Saihara, Honshu , Is.,
B52: =入力用シート!$I$8 & "-" & 入力用シート!$J$8 & IF(入力用シート!$K$8<>"", ", (alt." & 入力用シート!$K$8 & "m)", "") -> - | D52: Uenohara-shi, (alt.525m) | F52: Uenohara-shi, (alt.525m) | H52: Uenohara-shi, (alt.525m) | J52: Uenohara-shi, (alt.525m) | L52: Uenohara-shi, (alt.525m) | N52: Uenohara-shi, (alt.525m)
B53: =入力用シート!$N$8&"."&入力用シート!$M$8&"."&入力用シート!$L$8&" "&入力用シート!$O$8&", "&入力用シート!$P$8 -> 13.v.2023 Looking, M.yamaguchi | D53: 29.viii.2025 looking, Masaki Yamaguchi | F53: 29.viii.2025 looking, Masaki Yamaguchi | H53: 29.viii.2025 looking, Masaki Yamaguchi | J53: 29.viii.2025 looking, Masaki Yamaguchi | L53: 29.viii.2025 looking, Masaki Yamaguchi | N53: 29.viii.2025 looking, Masaki Yamaguchi
B54: ="N" & TEXT(入力用シート!$R$8, "0.00000") & ", E" & TEXT(入力用シート!$S$8, "0.00000") -> N35.85966576505269, 138.56990528469996, E0.00000 | D54: N35.68804, E139.03346 | F54: N35.68804, E139.03346 | H54: N35.68804, E139.03346 | J54: N35.68804, E139.03346 | L54: N35.68804, E139.03346 | N54: N35.68804, E139.03346
B57: =入力用シート!$C$9 -> 0 | D57: 山梨県上野原市西原 | F57: 山梨県上野原市西原 | H57: 山梨県上野原市西原 | J57: 山梨県上野原市西原 | L57: 山梨県上野原市西原 | N57: 山梨県上野原市西原
B58: ="[" & 入力用シート!$D$9 & ":" & 入力用シート!$E$9 & "-pref.]" -> [JP:-pref.] | D58: [JPN:Yamanashi-pref.] | F58: [JPN:Yamanashi-pref.] | H58: [JPN:Yamanashi-pref.] | J58: [JPN:Yamanashi-pref.] | L58: [JPN:Yamanashi-pref.] | N58: [JPN:Yamanashi-pref.]
B59: =入力用シート!F9 & ", " & 入力用シート!G9 & IF(入力用シート!H9<>"", ", " & 入力用シート!H9 & ".,", "") -> , | D59: Saihara, Honshu , Is., | F59: Saihara, Honshu , Is., | H59: Saihara, Honshu , Is., | J59: Saihara, Honshu , Is., | L59: Saihara, Honshu , Is., | N59: Saihara, Honshu , Is.,
B60: =入力用シート!$I$9 & "-" & 入力用シート!$J$9 & IF(入力用シート!$K$9<>"", ", (alt." & 入力用シート!$K$9 & "m)", "") -> - | D60: Uenohara-shi, (alt.525m) | F60: Uenohara-shi, (alt.525m) | H60: Uenohara-shi, (alt.525m) | J60: Uenohara-shi, (alt.525m) | L60: Uenohara-shi, (alt.525m) | N60: Uenohara-shi, (alt.525m)
B61: =入力用シート!$N$9&"."&入力用シート!$M$9&"."&入力用シート!$L$9&" "&入力用シート!$O$9&", "&入力用シート!$P$9 -> 12.iv.2024 Looking, M.yamaguchi | D61: 29.viii.2025 looking, Masaki Yamaguchi | F61: 29.viii.2025 looking, Masaki Yamaguchi | H61: 29.viii.2025 looking, Masaki Yamaguchi | J61: 29.viii.2025 looking, Masaki Yamaguchi | L61: 29.viii.2025 looking, Masaki Yamaguchi | N61: 29.viii.2025 looking, Masaki Yamaguchi
B62: ="N" & TEXT(入力用シート!$R$9, "0.00000") & ", E" & TEXT(入力用シート!$S$9, "0.00000") -> N35.87618344836389, 138.57843383059884, E0.00000 | D62: N35.68804, E139.03346 | F62: N35.68804, E139.03346 | H62: N35.68804, E139.03346 | J62: N35.68804, E139.03346 | L62: N35.68804, E139.03346 | N62: N35.68804, E139.03346
B65: =入力用シート!$C$10 -> 0 | D65: 山梨県上野原市西原 | F65: 山梨県上野原市西原 | H65: 山梨県上野原市西原 | J65: 山梨県上野原市西原 | L65: 山梨県上野原市西原 | N65: 山梨県上野原市西原
B66: ="[" & 入力用シート!$D$10 & ":" & 入力用シート!$E$10 & "-pref.]" -> [JP:-pref.] | D66: [JPN:Yamanashi-pref.] | F66: [JPN:Yamanashi-pref.] | H66: [JPN:Yamanashi-pref.] | J66: [JPN:Yamanashi-pref.] | L66: [JPN:Yamanashi-pref.] | N66: [JPN:Yamanashi-pref.]
B67: =入力用シート!F10 & ", " & 入力用シート!G10 & IF(入力用シート!H10<>"", ", " & 入力用シート!H10 & ".,", "") -> , | D67: Saihara, Honshu , Is., | F67: Saihara, Honshu , Is., | H67: Saihara, Honshu , Is., | J67: Saihara, Honshu , Is., | L67: Saihara, Honshu , Is., | N67: Saihara, Honshu , Is.,
B68: =入力用シート!$I$10 & "-" & 入力用シート!$J$10 & IF(入力用シート!$K$10<>"", ", (alt." & 入力用シート!$K$10 & "m)", "") -> - | D68: Uenohara-shi, (alt.525m) | F68: Uenohara-shi, (alt.525m) | H68: Uenohara-shi, (alt.525m) | J68: Uenohara-shi, (alt.525m) | L68: Uenohara-shi, (alt.525m) | N68: Uenohara-shi, (alt.525m)
B69: =入力用シート!$N$10&"."&入力用シート!$M$10&"."&入力用シート!$L$10&" "&入力用シート!$O$10&", "&入力用シート!$P$10 -> 30.v.2025 Looking, M.yamaguchi | D69: 29.viii.2025 looking, Masaki Yamaguchi | F69: 29.viii.2025 looking, Masaki Yamaguchi | H69: 29.viii.2025 looking, Masaki Yamaguchi | J69: 29.viii.2025 looking, Masaki Yamaguchi | L69: 29.viii.2025 looking, Masaki Yamaguchi | N69: 29.viii.2025 looking, Masaki Yamaguchi
B70: ="N" & TEXT(入力用シート!$R$10, "0.00000") & ", E" & TEXT(入力用シート!$S$10, "0.00000") -> N35.678580002441805, 139.75390978426358, E0.00000 | D70: N35.68804, E139.03346 | F70: N35.68804, E139.03346 | H70: N35.68804, E139.03346 | J70: N35.68804, E139.03346 | L70: N35.68804, E139.03346 | N70: N35.68804, E139.03346
B73: =入力用シート!$C$11 -> 0 | D73: 山梨県甲州市大和町田野 | F73: 山梨県甲州市大和町田野 | H73: 山梨県甲州市大和町田野 | J73: 山梨県甲州市大和町田野 | L73: 山梨県甲州市大和町田野 | N73: 山梨県甲州市大和町田野
B74: ="[" & 入力用シート!$D$11 & ":" & 入力用シート!$E$11 & "-pref.]" -> [JP:-pref.] | D74: [JPN:Yamanashi-pref.] | F74: [JPN:Yamanashi-pref.] | H74: [JPN:Yamanashi-pref.] | J74: [JPN:Yamanashi-pref.] | L74: [JPN:Yamanashi-pref.] | N74: [JPN:Yamanashi-pref.]
B75: =入力用シート!F11 & ", " & 入力用シート!G11 & IF(入力用シート!H11<>"", ", " & 入力用シート!H11 & ".,", "") -> , | D75: Yamatochō Tano, Honshu , Is., | F75: Yamatochō Tano, Honshu , Is., | H75: Yamatochō Tano, Honshu , Is., | J75: Yamatochō Tano, Honshu , Is., | L75: Yamatochō Tano, Honshu , Is., | N75: Yamatochō Tano, Honshu , Is.,
B76: =入力用シート!$I$11 & "-" & 入力用シート!$J$11 & IF(入力用シート!$K$11<>"", ", (alt." & 入力用シート!$K$11 & "m)", "") -> - | D76: Koshu-shi, (alt.766m) | F76: Koshu-shi, (alt.766m) | H76: Koshu-shi, (alt.766m) | J76: Koshu-shi, (alt.766m) | L76: Koshu-shi, (alt.766m) | N76: Koshu-shi, (alt.766m)
B77: =入力用シート!$N$11&"."&入力用シート!$M$11&"."&入力用シート!$L$11&" "&入力用シート!$O$11&", "&入力用シート!$P$11 -> 5.v.2024 Looking, M.yamaguchi | D77: 29.viii.2025 looking, Masaki Yamaguchi | F77: 29.viii.2025 looking, Masaki Yamaguchi | H77: 29.viii.2025 looking, Masaki Yamaguchi | J77: 29.viii.2025 looking, Masaki Yamaguchi | L77: 29.viii.2025 looking, Masaki Yamaguchi | N77: 29.viii.2025 looking, Masaki Yamaguchi
B78: ="N" & TEXT(入力用シート!$R$11, "0.00000") & ", E" & TEXT(入力用シート!$S$11, "0.00000") -> N43.89158915225782, 142.45833211063322, E0.00000 | D78: N35.64326, E138.80684 | F78: N35.64326, E138.80684 | H78: N35.64326, E138.80684 | J78: N35.64326, E138.80684 | L78: N35.64326, E138.80684 | N78: N35.64326, E138.80684
B81: =入力用シート!$C$12 -> 0 | D81: 山梨県甲州市大和町田野 | F81: 山梨県甲州市大和町田野 | H81: 山梨県甲州市大和町田野 | J81: 山梨県甲州市大和町田野 | L81: 山梨県甲州市大和町田野 | N81: 山梨県甲州市大和町田野
B82: ="[" & 入力用シート!$D$12 & ":" & 入力用シート!$E$12 & "-pref.]" -> [JP:-pref.] | D82: [JPN:Yamanashi-pref.] | F82: [JPN:Yamanashi-pref.] | H82: [JPN:Yamanashi-pref.] | J82: [JPN:Yamanashi-pref.] | L82: [JPN:Yamanashi-pref.] | N82: [JPN:Yamanashi-pref.]
B83: =入力用シート!F12 & ", " & 入力用シート!G12 & IF(入力用シート!H12<>"", ", " & 入力用シート!H12 & ".,", "") -> , | D83: Yamatochō Tano, Honshu , Is., | F83: Yamatochō Tano, Honshu , Is., | H83: Yamatochō Tano, Honshu , Is., | J83: Yamatochō Tano, Honshu , Is., | L83: Yamatochō Tano, Honshu , Is., | N83: Yamatochō Tano, Honshu , Is.,
B84: =入力用シート!$I$12 & "-" & 入力用シート!$J$12 & IF(入力用シート!$K$12<>"", ", (alt." & 入力用シート!$K$12 & "m)", "") -> - | D84: Koshu-shi, (alt.766m) | F84: Koshu-shi, (alt.766m) | H84: Koshu-shi, (alt.766m) | J84: Koshu-shi, (alt.766m) | L84: Koshu-shi, (alt.766m) | N84: Koshu-shi, (alt.766m)
B85: =入力用シート!$N$12&"."&入力用シート!$M$12&"."&入力用シート!$L$12&" "&入力用シート!$O$12&", "&入力用シート!$P$12 -> 28.viii.2024 Looking, M.yamaguchi | D85: 29.viii.2025 looking, Masaki Yamaguchi | F85: 29.viii.2025 looking, Masaki Yamaguchi | H85: 29.viii.2025 looking, Masaki Yamaguchi | J85: 29.viii.2025 looking, Masaki Yamaguchi | L85: 29.viii.2025 looking, Masaki Yamaguchi | N85: 29.viii.2025 looking, Masaki Yamaguchi
B86: ="N" & TEXT(入力用シート!$R$12, "0.00000") & ", E" & TEXT(入力用シート!$S$12, "0.00000") -> N35.64147570947369, 138.80963461057075, E0.00000 | D86: N35.64326, E138.80684 | F86: N35.64326, E138.80684 | H86: N35.64326, E138.80684 | J86: N35.64326, E138.80684 | L86: N35.64326, E138.80684 | N86: N35.64326, E138.80684
B89: =入力用シート!$C$13 -> 0 | D89: 山梨県甲州市大和町田野 | F89: 山梨県甲州市大和町田野 | H89: 山梨県甲州市大和町田野 | J89: 山梨県甲州市大和町田野 | L89: 山梨県甲州市大和町田野 | N89: 山梨県甲州市大和町田野
B90: ="[" & 入力用シート!$D$13 & ":" & 入力用シート!$E$13 & "-pref.]" -> [JP:-pref.] | D90: [JPN:Yamanashi-pref.] | F90: [JPN:Yamanashi-pref.] | H90: [JPN:Yamanashi-pref.] | J90: [JPN:Yamanashi-pref.] | L90: [JPN:Yamanashi-pref.] | N90: [JPN:Yamanashi-pref.]
B91: =入力用シート!F13 & ", " & 入力用シート!G13 & IF(入力用シート!H13<>"", ", " & 入力用シート!H13 & ".,", "") -> , | D91: Yamatochō Tano, Honshu , Is., | F91: Yamatochō Tano, Honshu , Is., | H91: Yamatochō Tano, Honshu , Is., | J91: Yamatochō Tano, Honshu , Is., | L91: Yamatochō Tano, Honshu , Is., | N91: Yamatochō Tano, Honshu , Is.,
B92: =入力用シート!$I$13 & "-" & 入力用シート!$J$13 & IF(入力用シート!$K$13<>"", ", (alt." & 入力用シート!$K$13 & "m)", "") -> - | D92: Koshu-shi, (alt.766m) | F92: Koshu-shi, (alt.766m) | H92: Koshu-shi, (alt.766m) | J92: Koshu-shi, (alt.766m) | L92: Koshu-shi, (alt.766m) | N92: Koshu-shi, (alt.766m)
B93: =入力用シート!$N$13&"."&入力用シート!$M$13&"."&入力用シート!$L$13&" "&入力用シート!$O$13&", "&入力用シート!$P$13 -> 19.iv.2025 Loioking, K.harada | D93: 29.viii.2025 looking, Masaki Yamaguchi | F93: 29.viii.2025 looking, Masaki Yamaguchi | H93: 29.viii.2025 looking, Masaki Yamaguchi | J93: 29.viii.2025 looking, Masaki Yamaguchi | L93: 29.viii.2025 looking, Masaki Yamaguchi | N93: 29.viii.2025 looking, Masaki Yamaguchi
B94: ="N" & TEXT(入力用シート!$R$13, "0.00000") & ", E" & TEXT(入力用シート!$S$13, "0.00000") -> N34.73127914013429, 139.3922700951225, E0.00000 | D94: N35.64326, E138.80684 | F94: N35.64326, E138.80684 | H94: N35.64326, E138.80684 | J94: N35.64326, E138.80684 | L94: N35.64326, E138.80684 | N94: N35.64326, E138.80684
B97: =入力用シート!$C$14 -> 0 | D97: 山梨県甲州市大和町田野 | F97: 山梨県甲州市大和町田野 | H97: 山梨県甲州市大和町田野 | J97: 山梨県甲州市大和町田野 | L97: 山梨県甲州市大和町田野 | N97: 山梨県甲州市大和町田野
B98: ="[" & 入力用シート!$D$14 & ":" & 入力用シート!$E$14 & "-pref.]" -> [:-pref.] | D98: [JPN:Yamanashi-pref.] | F98: [JPN:Yamanashi-pref.] | H98: [JPN:Yamanashi-pref.] | J98: [JPN:Yamanashi-pref.] | L98: [JPN:Yamanashi-pref.] | N98: [JPN:Yamanashi-pref.]
B99: =入力用シート!F14 & ", " & 入力用シート!G14 & IF(入力用シート!H14<>"", ", " & 入力用シート!H14 & ".,", "") -> , | D99: Yamatochō Tano, Honshu , Is., | F99: Yamatochō Tano, Honshu , Is., | H99: Yamatochō Tano, Honshu , Is., | J99: Yamatochō Tano, Honshu , Is., | L99: Yamatochō Tano, Honshu , Is., | N99: Yamatochō Tano, Honshu , Is.,
B100: =入力用シート!$I$14 & "-" & 入力用シート!$J$14 & IF(入力用シート!$K$14<>"", ", (alt." & 入力用シート!$K$14 & "m)", "") -> - | D100: Koshu-shi, (alt.766m) | F100: Koshu-shi, (alt.766m) | H100: Koshu-shi, (alt.766m) | J100: Koshu-shi, (alt.766m) | L100: Koshu-shi, (alt.766m) | N100: Koshu-shi, (alt.766m)
B101: =入力用シート!$N$14&"."&入力用シート!$M$14&"."&入力用シート!$L$14&" "&入力用シート!$O$14&", "&入力用シート!$P$14 -> .. , | D101: 29.viii.2025 looking, Masaki Yamaguchi | F101: 29.viii.2025 looking, Masaki Yamaguchi | H101: 29.viii.2025 looking, Masaki Yamaguchi | J101: 29.viii.2025 looking, Masaki Yamaguchi | L101: 29.viii.2025 looking, Masaki Yamaguchi | N101: 29.viii.2025 looking, Masaki Yamaguchi
B102: ="N" & TEXT(入力用シート!$R$14, "0.00000") & ", E" & TEXT(入力用シート!$S$14, "0.00000") -> N0.00000, E0.00000 | D102: N35.64326, E138.80684 | F102: N35.64326, E138.80684 | H102: N35.64326, E138.80684 | J102: N35.64326, E138.80684 | L102: N35.64326, E138.80684 | N102: N35.64326, E138.80684
B105: =入力用シート!$C$15 -> 0 | D105: 沖縄県石垣市屋良部岳 | F105: 沖縄県石垣市屋良部岳 | H105: 沖縄県石垣市屋良部岳 | J105: 沖縄県石垣市屋良部岳 | L105: 沖縄県石垣市屋良部岳 | N105: 沖縄県石垣市屋良部岳
B106: ="[" & 入力用シート!$D$15 & ":" & 入力用シート!$E$15 & "-pref.]" -> [:-pref.] | D106: [JPN:Okinawa-pref.] | F106: [JPN:Okinawa-pref.] | H106: [JPN:Okinawa-pref.] | J106: [JPN:Okinawa-pref.] | L106: [JPN:Okinawa-pref.] | N106: [JPN:Okinawa-pref.]
B107: =入力用シート!F15 & ", " & 入力用シート!G15 & IF(入力用シート!H15<>"", ", " & 入力用シート!H15 & ".,", "") -> , | D107: Ishigaki, Ishigaki, Is., | F107: Ishigaki, Ishigaki, Is., | H107: Ishigaki, Ishigaki, Is., | J107: Ishigaki, Ishigaki, Is., | L107: Ishigaki, Ishigaki, Is., | N107: Ishigaki, Ishigaki, Is.,
B108: =入力用シート!$I$15 & "-" & 入力用シート!$J$15 & IF(入力用シート!$K$15<>"", ", (alt." & 入力用シート!$K$15 & "m)", "") -> - | D108: Ishigaki-shi, (alt.135m) | F108: Ishigaki-shi, (alt.135m) | H108: Ishigaki-shi, (alt.135m) | J108: Ishigaki-shi, (alt.135m) | L108: Ishigaki-shi, (alt.135m) | N108: Ishigaki-shi, (alt.135m)
B109: =入力用シート!$N$15&"."&入力用シート!$M$15&"."&入力用シート!$L$15&" "&入力用シート!$O$15&", "&入力用シート!$P$15 -> .. , | D109: 9.ix.2025 light trap, Masaki Yamaguchi | F109: 9.ix.2025 light trap, Masaki Yamaguchi | H109: 9.ix.2025 light trap, Masaki Yamaguchi | J109: 9.ix.2025 light trap, Masaki Yamaguchi | L109: 9.ix.2025 light trap, Masaki Yamaguchi | N109: 9.ix.2025 light trap, Masaki Yamaguchi
B110: ="N" & TEXT(入力用シート!$R$15, "0.00000") & ", E" & TEXT(入力用シート!$S$15, "0.00000") -> N0.00000, E0.00000 | D110: N24.44159, E124.09682 | F110: N24.44159, E124.09682 | H110: N24.44159, E124.09682 | J110: N24.44159, E124.09682 | L110: N24.44159, E124.09682 | N110: N24.44159, E124.09682
B113: =入力用シート!$C$16 -> 0 | D113: 沖縄県石垣市屋良部岳 | F113: 沖縄県石垣市屋良部岳 | H113: 沖縄県石垣市屋良部岳 | J113: 沖縄県石垣市屋良部岳 | L113: 沖縄県石垣市屋良部岳 | N113: 沖縄県石垣市屋良部岳
B114: ="[" & 入力用シート!$D$16 & ":" & 入力用シート!$E$16 & "-pref.]" -> [:-pref.] | D114: [JPN:Okinawa-pref.] | F114: [JPN:Okinawa-pref.] | H114: [JPN:Okinawa-pref.] | J114: [JPN:Okinawa-pref.] | L114: [JPN:Okinawa-pref.] | N114: [JPN:Okinawa-pref.]
B115: =入力用シート!F16 & ", " & 入力用シート!G16 & IF(入力用シート!H16<>"", ", " & 入力用シート!H16 & ".,", "") -> , | D115: Ishigaki, Ishigaki, Is., | F115: Ishigaki, Ishigaki, Is., | H115: Ishigaki, Ishigaki, Is., | J115: Ishigaki, Ishigaki, Is., | L115: Ishigaki, Ishigaki, Is., | N115: Ishigaki, Ishigaki, Is.,
B116: =入力用シート!$I$16 & "-" & 入力用シート!$J$16 & IF(入力用シート!$K$16<>"", ", (alt." & 入力用シート!$K$16 & "m)", "") -> - | D116: Ishigaki-shi, (alt.135m) | F116: Ishigaki-shi, (alt.135m) | H116: Ishigaki-shi, (alt.135m) | J116: Ishigaki-shi, (alt.135m) | L116: Ishigaki-shi, (alt.135m) | N116: Ishigaki-shi, (alt.135m)
B117: =入力用シート!$N$16&"."&入力用シート!$M$16&"."&入力用シート!$L$16&" "&入力用シート!$O$16&", "&入力用シート!$P$16 -> .. , | D117: 9.ix.2025 light trap, Masaki Yamaguchi | F117: 9.ix.2025 light trap, Masaki Yamaguchi | H117: 9.ix.2025 light trap, Masaki Yamaguchi | J117: 9.ix.2025 light trap, Masaki Yamaguchi | L117: 9.ix.2025 light trap, Masaki Yamaguchi | N117: 9.ix.2025 light trap, Masaki Yamaguchi
B118: ="N" & TEXT(入力用シート!$R$16, "0.00000") & ", E" & TEXT(入力用シート!$S$16, "0.00000") -> N0.00000, E0.00000 | D118: N24.44159, E124.09682 | F118: N24.44159, E124.09682 | H118: N24.44159, E124.09682 | J118: N24.44159, E124.09682 | L118: N24.44159, E124.09682 | N118: N24.44159, E124.09682
B121: =入力用シート!$C$17 -> 0 | D121: 沖縄県石垣市南ぬ浜町 | F121: 沖縄県石垣市南ぬ浜町 | H121: 沖縄県石垣市南ぬ浜町 | J121: 沖縄県石垣市南ぬ浜町 | L121: 沖縄県石垣市南ぬ浜町 | N121: 沖縄県石垣市南ぬ浜町
B122: ="[" & 入力用シート!$D$17 & ":" & 入力用シート!$E$17 & "-pref.]" -> [:-pref.] | D122: [JPN:Okinawa-pref.] | F122: [JPN:Okinawa-pref.] | H122: [JPN:Okinawa-pref.] | J122: [JPN:Okinawa-pref.] | L122: [JPN:Okinawa-pref.] | N122: [JPN:Okinawa-pref.]
B123: =入力用シート!F17 & ", " & 入力用シート!G17 & IF(入力用シート!H17<>"", ", " & 入力用シート!H17 & ".,", "") -> , | D123: Painuhamacho, Ishigaki, Is., | F123: Painuhamacho, Ishigaki, Is., | H123: Painuhamacho, Ishigaki, Is., | J123: Painuhamacho, Ishigaki, Is., | L123: Painuhamacho, Ishigaki, Is., | N123: Painuhamacho, Ishigaki, Is.,
B124: =入力用シート!$I$17 & "-" & 入力用シート!$J$17 & IF(入力用シート!$K$17<>"", ", (alt." & 入力用シート!$K$17 & "m)", "") -> - | D124: Ishigaki-shi, (alt.5m) | F124: Ishigaki-shi, (alt.5m) | H124: Ishigaki-shi, (alt.5m) | J124: Ishigaki-shi, (alt.5m) | L124: Ishigaki-shi, (alt.5m) | N124: Ishigaki-shi, (alt.5m)
B125: =入力用シート!$N$17&"."&入力用シート!$M$17&"."&入力用シート!$L$17&" "&入力用シート!$O$17&", "&入力用シート!$P$17 -> .. , | D125: 8.ix.2025 looking, M.Yamaguchi&R.Miyata | F125: 8.ix.2025 looking, M.Yamaguchi&R.Miyata | H125: 8.ix.2025 looking, M.Yamaguchi&R.Miyata | J125: 8.ix.2025 looking, M.Yamaguchi&R.Miyata | L125: 8.ix.2025 looking, M.Yamaguchi&R.Miyata | N125: 8.ix.2025 looking, M.Yamaguchi&R.Miyata
B126: ="N" & TEXT(入力用シート!$R$17, "0.00000") & ", E" & TEXT(入力用シート!$S$17, "0.00000") -> N0.00000, E0.00000 | D126: N24.33067, E124.15709 | F126: N24.33067, E124.15709 | H126: N24.33067, E124.15709 | J126: N24.33067, E124.15709 | L126: N24.33067, E124.15709 | N126: N24.33067, E124.15709
B129: =入力用シート!$C$18 -> 0 | D129: 沖縄県石垣市屋良部岳 | F129: 沖縄県石垣市屋良部岳 | H129: 沖縄県石垣市屋良部岳 | J129: 沖縄県石垣市屋良部岳 | L129: 沖縄県石垣市屋良部岳 | N129: 沖縄県石垣市屋良部岳
B130: ="[" & 入力用シート!$D$18 & ":" & 入力用シート!$E$18 & "-pref.]" -> [:-pref.] | D130: [JPN:Okinawa-pref.] | F130: [JPN:Okinawa-pref.] | H130: [JPN:Okinawa-pref.] | J130: [JPN:Okinawa-pref.] | L130: [JPN:Okinawa-pref.] | N130: [JPN:Okinawa-pref.]
B131: =入力用シート!F18 & ", " & 入力用シート!G18 & IF(入力用シート!H18<>"", ", " & 入力用シート!H18 & ".,", "") -> , | D131: Ishigaki, Ishigaki, Is., | F131: Ishigaki, Ishigaki, Is., | H131: Ishigaki, Ishigaki, Is., | J131: Ishigaki, Ishigaki, Is., | L131: Ishigaki, Ishigaki, Is., | N131: Ishigaki, Ishigaki, Is.,
B132: =入力用シート!$I$18 & "-" & 入力用シート!$J$18 & IF(入力用シート!$K$18<>"", ", (alt." & 入力用シート!$K$18 & "m)", "") -> - | D132: Ishigaki-shi, (alt.26m) | F132: Ishigaki-shi, (alt.26m) | H132: Ishigaki-shi, (alt.26m) | J132: Ishigaki-shi, (alt.26m) | L132: Ishigaki-shi, (alt.26m) | N132: Ishigaki-shi, (alt.26m)
...

Sheet 入力用シート
B1: 通し番号 | C1: 日本語での地点名 | D1: 国 | E1: 県名 | F1: 地点 | G1: 島名・大陸名 | H1: 島の場合Is | I1: 市区町村 | J1: 市区町村種別 | K1: alt | L1: 年 | M1: 月 | N1: 日 | O1: 採集方法 | P1: leg | Q1: 緯度経度 | R1: 緯度 | S1: 経度
B2: 1 | C2: 東京都八王子市 | D2: JP | E2: Tokyo | G2: Honshu | H2: Is | I2: Hachioji | J2: shi | L2: 2025 | M2: Ⅺ | N2: 15 | O2: Looking | Q2: 35.62969828324389, 139.24611963341107, nan | R2: 35.62969828324389, 139.24611963341107
B3: 2 | C3: 神奈川県横須賀市 | D3: JP | E3: Kanagawa | F3: Kannonnzaki | G3: Honshu | H3: Is | I3: Yokosuka | J3: shi | L3: 2025 | M3: vi | N3: 9 | O3: Looking | P3: M.yamaguchi | Q3: 35.25692418844977, 139.74039243964077, nan | R3: 35.25692418844977, 139.74039243964077
B4: 3 | D4: JP | L4: 2025 | M4: x | N4: 15 | O4: Looking | P4: M.yamaguchi | Q4: 24.477538153354185, 124.23073065065063, nan | R4: 24.477538153354185, 124.23073065065063
B5: 4 | D5: JP | L5: 2025 | M5: v | N5: 7 | O5: Looking | P5: M.yamaguchi | Q5: 36.42921814979149, 138.41797667237086, nan | R5: 36.42921814979149, 138.41797667237086
B6: 5 | D6: JP | L6: 2023 | M6: v | N6: 10 | O6: Looking | P6: M.yamaguchi | Q6: 36.42921814979149, 138.41797667237086, nan | R6: 36.42921814979149, 138.41797667237086
B7: 6 | D7: JP | L7: 2023 | M7: v | N7: 10 | O7: Looking | P7: M.yamaguchi | Q7: 36.30075052275591, 138.76238073680415, nan | R7: 36.30075052275591, 138.76238073680415
B8: 7 | D8: JP | L8: 2023 | M8: v | N8: 13 | O8: Looking | P8: M.yamaguchi | Q8: 35.85966576505269, 138.56990528469996, nan | R8: 35.85966576505269, 138.56990528469996
B9: 8 | D9: JP | L9: 2024 | M9: iv | N9: 12 | O9: Looking | P9: M.yamaguchi | Q9: 35.87618344836389, 138.57843383059884, nan | R9: 35.87618344836389, 138.57843383059884
B10: 9 | D10: JP | L10: 2025 | M10: v | N10: 30 | O10: Looking | P10: M.yamaguchi | Q10: 35.678580002441805, 139.75390978426358, nan | R10: 35.678580002441805, 139.75390978426358
B11: 10 | D11: JP | L11: 2024 | M11: v | N11: 5 | O11: Looking | P11: M.yamaguchi | Q11: 43.89158915225782, 142.45833211063322, nan | R11: 43.89158915225782, 142.45833211063322
B12: 11 | D12: JP | L12: 2024 | M12: viii | N12: 28 | O12: Looking | P12: M.yamaguchi | Q12: 35.64147570947369, 138.80963461057075, nan | R12: 35.64147570947369, 138.80963461057075
B13: 12 | D13: JP | L13: 2025 | M13: iv | N13: 19 | O13: Loioking | P13: K.harada | Q13: 34.73127914013429, 139.3922700951225, nan | R13: 34.73127914013429, 139.3922700951225
B14: 13
B15: 14
B16: 15
B17: 16
B18: 17

Sheet Sheet1
